[
  {
    "value": "Tacos al pastor",
    "synonyms": [
      "Tacos al pastor",
      "Tacos de pastor",
      "Marinated Pork Tacos",
      "Adobada Tacos",
      "Spit-roasted Pork Tacos",
      "Rotisserie-style Tacos",
      "Pastor-style Tacos",
      "Grilled Pork Tacos",
      "Tacos with Seasoned Pork",
      "Tacos with Spiced Pork",
      "Tacos with Pineapple-marinated Pork"
    ]
  },
  {
    "value": "Chicken quesadilla",
    "synonyms": [
      "Chicken quesadilla",
      "Quesadilla with chicken",
      "Quesadilla",
      "chicken quesadillas",
      "chicken quesadilla"
    ]
  },
  {
    "value": "Beef burrito",
    "synonyms": [
      "Beef burrito",
      "Steak burrito",
      "Burrito",
      "Beefy roll",
      "Beef-filled Tortilla"
    ]
  },
  {
    "value": "Enchiladas suizas",
    "synonyms": [
      "Enchiladas suizas",
      "Swiss-style Enchiladas",
      "Enchiladas in White Sauce",
      "Enchiladas with Sour Cream",
      "Enchiladas in Creamy Tomatillo Sauce",
      "Sour Cream Enchiladas"
    ]
  },
  {
    "value": "Chiles rellenos",
    "synonyms": [
      "Chiles rellenos",
      "Stuffed Peppers",
      "Cheese-stuffed Chiles",
      "Chile Peppers with Filling",
      "Stuffed Chili Peppers",
      "Chiles Poblanos Rellenos",
      "Stuffed Poblano Peppers",
      "Stuffed Green Peppers",
      "Poblano Peppers with Stuffing",
      "Relleno Peppers",
      "Chilies Stuffed with Goodness"
    ]
  },
  {
    "value": "Carne asada",
    "synonyms": [
      "Carne asada",
      "Grilled Steak",
      "Marinated Grilled Beef",
      "Char-Grilled Beef",
      "Seasoned Grilled Meat",
      "Flame-Grilled Steak",
      "Roasted Beef Slices",
      "Barbecued Beef",
      "Fire-Grilled Beef",
      "Grilled Beef Strips",
      "Flamed Steak"
    ]
  }
]