[
  {
    "id": "d4a59fac-c190-4c07-833b-7778a64d9660",
    "data": [
      {
        "text": "I\u0027d like to order some dishes.",
        "userDefined": false
      }
    ],
    "isTemplate": false,
    "count": 0,
    "lang": "en",
    "updated": 0
  },
  {
    "id": "31e12fd6-98b4-4627-b241-9474ef737c5f",
    "data": [
      {
        "text": "Could you help me order?",
        "userDefined": false
      }
    ],
    "isTemplate": false,
    "count": 0,
    "lang": "en",
    "updated": 0
  },
  {
    "id": "a827f779-b667-48c6-af3c-19f9c2e88b1a",
    "data": [
      {
        "text": "Start a new order for me.",
        "userDefined": false
      }
    ],
    "isTemplate": false,
    "count": 0,
    "lang": "en",
    "updated": 0
  },
  {
    "id": "d7d89b23-ee8c-414f-840b-4770a02032b6",
    "data": [
      {
        "text": "Can I order some food?",
        "userDefined": false
      }
    ],
    "isTemplate": false,
    "count": 0,
    "lang": "en",
    "updated": 0
  },
  {
    "id": "2741448d-8db8-4e1c-a15d-547420d5bd7d",
    "data": [
      {
        "text": "I want to place a new order.",
        "userDefined": false
      }
    ],
    "isTemplate": false,
    "count": 0,
    "lang": "en",
    "updated": 0
  }
]