[
  {
    "id": "4d41713d-c94b-4e72-90a4-86ab3329a4b0",
    "data": [
      {
        "text": "No",
        "userDefined": false
      }
    ],
    "isTemplate": false,
    "count": 0,
    "lang": "en",
    "updated": 0
  },
  {
    "id": "6e08a970-a213-491d-9e96-b0838c2256f2",
    "data": [
      {
        "text": "Nope",
        "userDefined": false
      }
    ],
    "isTemplate": false,
    "count": 0,
    "lang": "en",
    "updated": 0
  },
  {
    "id": "e303d2b5-1271-4942-b85d-63612f3c0d19",
    "data": [
      {
        "text": "No thank you, that is all",
        "userDefined": false
      }
    ],
    "isTemplate": false,
    "count": 0,
    "lang": "en",
    "updated": 0
  },
  {
    "id": "c53b0434-bdd7-481f-ac38-99f2f96c9992",
    "data": [
      {
        "text": "No thank you",
        "userDefined": false
      }
    ],
    "isTemplate": false,
    "count": 0,
    "lang": "en",
    "updated": 0
  },
  {
    "id": "370e1aef-7720-4143-9c28-56d102b6e291",
    "data": [
      {
        "text": "That sums up my order for now.",
        "userDefined": false
      }
    ],
    "isTemplate": false,
    "count": 0,
    "lang": "en",
    "updated": 0
  },
  {
    "id": "da07381c-1b16-4547-a3e5-df6d3b033bdd",
    "data": [
      {
        "text": "And that covers everything for my order.",
        "userDefined": false
      }
    ],
    "isTemplate": false,
    "count": 0,
    "lang": "en",
    "updated": 0
  },
  {
    "id": "7eef14c1-81d5-480a-9077-506ad160b0cb",
    "data": [
      {
        "text": "I\u0027ve mentioned all the items I want to order.",
        "userDefined": false
      }
    ],
    "isTemplate": false,
    "count": 0,
    "lang": "en",
    "updated": 0
  },
  {
    "id": "141fe46a-ce7c-4705-972c-6961a4e5fdf4",
    "data": [
      {
        "text": "That\u0027s the complete list for my order.",
        "userDefined": false
      }
    ],
    "isTemplate": false,
    "count": 0,
    "lang": "en",
    "updated": 0
  },
  {
    "id": "40f2f142-2562-41b2-b05a-b141b8783692",
    "data": [
      {
        "text": "So, that\u0027s what I\u0027d like to order.",
        "userDefined": false
      }
    ],
    "isTemplate": false,
    "count": 0,
    "lang": "en",
    "updated": 0
  },
  {
    "id": "3adea4f4-f05b-4bd2-a7e3-14989ec837b7",
    "data": [
      {
        "text": "That\u0027s everything",
        "userDefined": false
      }
    ],
    "isTemplate": false,
    "count": 0,
    "lang": "en",
    "updated": 0
  },
  {
    "id": "2d9d9d61-09f7-4136-9039-73b129efef8a",
    "data": [
      {
        "text": "And that\u0027s it",
        "userDefined": false
      }
    ],
    "isTemplate": false,
    "count": 0,
    "lang": "en",
    "updated": 0
  },
  {
    "id": "b97fefdb-ea88-49a5-8043-da8638a931ed",
    "data": [
      {
        "text": "I\u0027m done",
        "userDefined": false
      }
    ],
    "isTemplate": false,
    "count": 0,
    "lang": "en",
    "updated": 0
  },
  {
    "id": "cdce973d-43c8-43ab-adb7-8ef4ab2eefe1",
    "data": [
      {
        "text": "That would be everything",
        "userDefined": false
      }
    ],
    "isTemplate": false,
    "count": 0,
    "lang": "en",
    "updated": 0
  },
  {
    "id": "a67d0a4b-6ffb-4e30-bc62-385a1b494a67",
    "data": [
      {
        "text": "That\u0027s all",
        "userDefined": false
      }
    ],
    "isTemplate": false,
    "count": 0,
    "lang": "en",
    "updated": 0
  }
]