[
  {
    "id": "a1601e34-b59e-427d-bf58-d3c7eabf4dfd",
    "data": [
      {
        "text": "I\u0027m adjusting my order, take off the ",
        "userDefined": false
      },
      {
        "text": "Beef Burrito",
        "meta": "@food-item",
        "alias": "food-item",
        "userDefined": false
      },
      {
        "text": ".",
        "userDefined": false
      }
    ],
    "isTemplate": false,
    "count": 0,
    "lang": "en",
    "updated": 0
  },
  {
    "id": "91c4590f-74ac-48b7-a910-84c95eb0c66f",
    "data": [
      {
        "text": "Can you please remove the ",
        "userDefined": false
      },
      {
        "text": "Chicken Quesadilla",
        "meta": "@food-item",
        "alias": "food-item",
        "userDefined": false
      },
      {
        "text": " I added?",
        "userDefined": false
      }
    ],
    "isTemplate": false,
    "count": 0,
    "lang": "en",
    "updated": 0
  },
  {
    "id": "784bd4e4-5ce4-4408-938a-b862a5c4bed1",
    "data": [
      {
        "text": "Let\u0027s skip the ",
        "userDefined": false
      },
      {
        "text": "Tacos al Pastor",
        "meta": "@food-item",
        "alias": "food-item",
        "userDefined": false
      },
      {
        "text": " on my order.",
        "userDefined": false
      }
    ],
    "isTemplate": false,
    "count": 0,
    "lang": "en",
    "updated": 0
  },
  {
    "id": "5348791e-9e58-47ce-b991-8213ca489341",
    "data": [
      {
        "text": "I want to remove ",
        "userDefined": false
      },
      {
        "text": "2",
        "meta": "@sys.number",
        "alias": "number",
        "userDefined": false
      },
      {
        "text": " portions of ",
        "userDefined": false
      },
      {
        "text": "Chilaquiles",
        "meta": "@food-item",
        "alias": "food-item",
        "userDefined": false
      },
      {
        "text": " from my order.",
        "userDefined": false
      }
    ],
    "isTemplate": false,
    "count": 0,
    "lang": "en",
    "updated": 0
  },
  {
    "id": "eed65e72-2b47-467c-862b-1c21ed10a39f",
    "data": [
      {
        "text": "Could you remove the ",
        "userDefined": false
      },
      {
        "text": "Carne Asada",
        "meta": "@food-item",
        "alias": "food-item",
        "userDefined": false
      },
      {
        "text": " from my order?",
        "userDefined": false
      }
    ],
    "isTemplate": false,
    "count": 0,
    "lang": "en",
    "updated": 0
  },
  {
    "id": "6842282a-31a6-44a9-a512-bd0ac9c3bd9a",
    "data": [
      {
        "text": "I changed my mind, I don\u0027t want the ",
        "userDefined": false
      },
      {
        "text": "Chiles Rellenos",
        "meta": "@food-item",
        "alias": "food-item",
        "userDefined": false
      },
      {
        "text": " anymore.",
        "userDefined": false
      }
    ],
    "isTemplate": false,
    "count": 0,
    "lang": "en",
    "updated": 0
  },
  {
    "id": "a9536be2-6b3d-4670-903f-54021ca06d7e",
    "data": [
      {
        "text": "Please take the ",
        "userDefined": false
      },
      {
        "text": "Enchilada Suiza",
        "meta": "@food-item",
        "alias": "food-item",
        "userDefined": false
      },
      {
        "text": " off my order.",
        "userDefined": false
      }
    ],
    "isTemplate": false,
    "count": 0,
    "lang": "en",
    "updated": 0
  },
  {
    "id": "8c72cba8-4608-4aa1-ad7e-aaca0e3a95fb",
    "data": [
      {
        "text": "Can you remove the ",
        "userDefined": false
      },
      {
        "text": "Beef Burrito",
        "meta": "@food-item",
        "alias": "food-item",
        "userDefined": false
      },
      {
        "text": " I added earlier?",
        "userDefined": false
      }
    ],
    "isTemplate": false,
    "count": 0,
    "lang": "en",
    "updated": 0
  },
  {
    "id": "2b47e13c-e21b-4c45-923e-b0a67af2f84e",
    "data": [
      {
        "text": "I\u0027d like to take off the ",
        "userDefined": false
      },
      {
        "text": "Chicken Quesadilla",
        "meta": "@food-item",
        "alias": "food-item",
        "userDefined": false
      },
      {
        "text": " from my order.",
        "userDefined": false
      }
    ],
    "isTemplate": false,
    "count": 0,
    "lang": "en",
    "updated": 0
  },
  {
    "id": "9b215d55-df51-4748-881d-9fe68b393a93",
    "data": [
      {
        "text": "Remove ",
        "userDefined": false
      },
      {
        "text": "1",
        "meta": "@sys.number",
        "alias": "number",
        "userDefined": false
      },
      {
        "text": " order of ",
        "userDefined": false
      },
      {
        "text": "Tacos al Pastor",
        "meta": "@food-item",
        "alias": "food-item",
        "userDefined": false
      }
    ],
    "isTemplate": false,
    "count": 0,
    "lang": "en",
    "updated": 0
  }
]