[
  {
    "id": "771fd9bf-6fbe-4717-ab2e-0efdb7228207",
    "data": [
      {
        "text": "I\u0027m curious about the status of my delivery",
        "userDefined": false
      }
    ],
    "isTemplate": false,
    "count": 0,
    "lang": "en",
    "updated": 0
  },
  {
    "id": "acc462e1-d22b-4f6c-a04a-dd0b1030a856",
    "data": [
      {
        "text": "Tell me about my order status",
        "userDefined": false
      }
    ],
    "isTemplate": false,
    "count": 0,
    "lang": "en",
    "updated": 0
  },
  {
    "id": "6ac3046a-5b94-4d9f-89e2-446bb7180b2f",
    "data": [
      {
        "text": "I want to know the status of my order",
        "userDefined": false
      }
    ],
    "isTemplate": false,
    "count": 0,
    "lang": "en",
    "updated": 0
  },
  {
    "id": "0fd22850-ba49-44b6-8523-84430fed1453",
    "data": [
      {
        "text": "check the status of my order",
        "userDefined": false
      }
    ],
    "isTemplate": false,
    "count": 0,
    "lang": "en",
    "updated": 0
  },
  {
    "id": "6b538500-8e1e-4ec8-92b7-534863d4af60",
    "data": [
      {
        "text": "track existing order",
        "userDefined": false
      }
    ],
    "isTemplate": false,
    "count": 0,
    "lang": "en",
    "updated": 0
  }
]